"","iso2c","year","country","reg_4state","disproportionality","FertilizerConsumption"
"49","AE",1987,"United Arab Emirates",1,NA,NA
"50","AE",1988,"United Arab Emirates",1,NA,NA
"51","AE",1989,"United Arab Emirates",1,NA,NA
"52","AE",1990,"United Arab Emirates",1,NA,NA
"53","AE",1991,"United Arab Emirates",1,NA,NA
"54","AE",1992,"United Arab Emirates",1,NA,NA
"55","AE",1993,"United Arab Emirates",1,NA,NA
"56","AE",1994,"United Arab Emirates",1,NA,NA
"57","AE",1995,"United Arab Emirates",1,NA,NA
"58","AE",1996,"United Arab Emirates",1,NA,NA
"59","AE",1997,"United Arab Emirates",1,NA,NA
"60","AE",1998,"United Arab Emirates",1,NA,NA
"61","AE",1999,"United Arab Emirates",1,NA,NA
"62","AE",2000,"United Arab Emirates",3,NA,NA
"63","AE",2001,"United Arab Emirates",3,NA,NA
"64","AE",2002,"United Arab Emirates",3,NA,672.266666666667
"65","AE",2003,"United Arab Emirates",3,NA,939.375
"66","AE",2004,"United Arab Emirates",3,NA,495.555555555556
"67","AE",2005,"United Arab Emirates",3,NA,218.544117647059
"68","AE",2006,"United Arab Emirates",3,NA,911.462450592885
"74","AF",1987,"Afghanistan",1,NA,NA
"75","AF",1988,"Afghanistan",1,NA,NA
"76","AF",1989,"Afghanistan",1,NA,NA
"77","AF",1990,"Afghanistan",1,NA,NA
"78","AF",1991,"Afghanistan",1,NA,NA
"79","AF",1992,"Afghanistan",1,NA,NA
"80","AF",1993,"Afghanistan",1,NA,NA
"81","AF",1994,"Afghanistan",1,NA,NA
"82","AF",1995,"Afghanistan",1,NA,NA
"83","AF",1996,"Afghanistan",1,NA,NA
"84","AF",1997,"Afghanistan",1,NA,NA
"85","AF",1998,"Afghanistan",1,NA,NA
"86","AF",1999,"Afghanistan",1,NA,NA
"87","AF",2000,"Afghanistan",1,NA,NA
"88","AF",2001,"Afghanistan",1,NA,NA
"89","AF",2002,"Afghanistan",1,NA,3.40336025006512
"90","AF",2003,"Afghanistan",1,NA,3.27509006690685
"91","AF",2004,"Afghanistan",1,NA,4.53556806550665
"92","AF",2005,"Afghanistan",1,NA,4.24035874439462
"93","AF",2006,"Afghanistan",1,NA,6.29099307159353
"116","AL",1987,"Albania",1,NA,NA
"117","AL",1988,"Albania",1,NA,NA
"118","AL",1989,"Albania",1,NA,NA
"119","AL",1990,"Albania",1,NA,NA
"120","AL",1991,"Albania",1,NA,NA
"121","AL",1992,"Albania",1,NA,NA
"122","AL",1993,"Albania",1,NA,NA
"123","AL",1994,"Albania",1,NA,NA
"124","AL",1995,"Albania",1,NA,NA
"125","AL",1996,"Albania",1,NA,NA
"126","AL",1997,"Albania",1,NA,NA
"127","AL",1998,"Albania",1,NA,NA
"128","AL",1999,"Albania",1,NA,NA
"129","AL",2000,"Albania",1,NA,NA
"130","AL",2001,"Albania",1,8.12,NA
"131","AL",2002,"Albania",1,NA,97.1851211072664
"132","AL",2003,"Albania",1,NA,98.9325259515571
"133","AL",2004,"Albania",1,NA,100.598615916955
"134","AL",2005,"Albania",1,30.21,111.596654275093
"135","AL",2006,"Albania",4,NA,85.0924657534247
"164","AR",1987,"Argentina",4,5.97,NA
"165","AR",1988,"Argentina",4,NA,NA
"166","AR",1989,"Argentina",4,7.55,NA
"167","AR",1990,"Argentina",4,NA,NA
"168","AR",1991,"Argentina",4,5.33,NA
"169","AR",1992,"Argentina",4,NA,NA
"170","AR",1993,"Argentina",4,6.04,NA
"171","AR",1994,"Argentina",4,NA,NA
"172","AR",1995,"Argentina",4,10.91,NA
"173","AR",1996,"Argentina",4,NA,NA
"174","AR",1997,"Argentina",4,8.29,NA
"175","AR",1998,"Argentina",4,NA,NA
"176","AR",1999,"Argentina",4,4.02,NA
"177","AR",2000,"Argentina",4,NA,NA
"178","AR",2001,"Argentina",4,10.02,NA
"179","AR",2002,"Argentina",4,NA,30.2339386978681
"180","AR",2003,"Argentina",4,NA,41.8467062945596
"181","AR",2004,"Argentina",4,NA,45.3091145410236
"182","AR",2005,"Argentina",4,4.99,36.4023102059427
"183","AR",2006,"Argentina",4,NA,41.4112583921501
"201","AT",1987,"Austria",1,NA,NA
"202","AT",1988,"Austria",1,NA,NA
"203","AT",1989,"Austria",1,NA,NA
"204","AT",1990,"Austria",1,2.07,NA
"205","AT",1991,"Austria",1,NA,NA
"206","AT",1992,"Austria",1,NA,NA
"207","AT",1993,"Austria",1,NA,NA
"208","AT",1994,"Austria",1,1.03,NA
"209","AT",1995,"Austria",1,1.03,NA
"210","AT",1996,"Austria",1,NA,NA
"211","AT",1997,"Austria",1,NA,NA
"212","AT",1998,"Austria",1,NA,NA
"213","AT",1999,"Austria",1,3.53,NA
"214","AT",2000,"Austria",1,NA,NA
"215","AT",2001,"Austria",1,NA,NA
"216","AT",2002,"Austria",3,1.33,234.023826714801
"217","AT",2003,"Austria",3,NA,295.645277577505
"218","AT",2004,"Austria",3,NA,130.707792207792
"219","AT",2005,"Austria",3,NA,135.099495313627
"220","AT",2006,"Austria",3,2.8,130.151120751988
"243","AU",1987,"Australia",4,10.42,NA
"244","AU",1988,"Australia",4,NA,NA
"245","AU",1989,"Australia",4,NA,NA
"246","AU",1990,"Australia",4,12.48,NA
"247","AU",1991,"Australia",4,NA,NA
"248","AU",1992,"Australia",4,NA,NA
"249","AU",1993,"Australia",4,8.12,NA
"250","AU",1994,"Australia",4,NA,NA
"251","AU",1995,"Australia",4,NA,NA
"252","AU",1996,"Australia",4,10.97,NA
"253","AU",1997,"Australia",4,NA,NA
"254","AU",1998,"Australia",2,10.87,NA
"255","AU",1999,"Australia",2,NA,NA
"256","AU",2000,"Australia",2,NA,NA
"257","AU",2001,"Australia",2,9.37,NA
"258","AU",2002,"Australia",2,NA,47.5700328458754
"259","AU",2003,"Australia",2,NA,46.2096088435374
"260","AU",2004,"Australia",2,8.6,50.9394047294891
"261","AU",2005,"Australia",2,NA,44.8544593336302
"262","AU",2006,"Australia",2,NA,43.4601278423976
"302","BB",1987,"Barbados",1,NA,NA
"303","BB",1988,"Barbados",1,NA,NA
"304","BB",1989,"Barbados",1,NA,NA
"305","BB",1990,"Barbados",1,NA,NA
"306","BB",1991,"Barbados",1,12.47,NA
"307","BB",1992,"Barbados",1,NA,NA
"308","BB",1993,"Barbados",1,NA,NA
"309","BB",1994,"Barbados",1,16.75,NA
"310","BB",1995,"Barbados",1,NA,NA
"311","BB",1996,"Barbados",1,NA,NA
"312","BB",1997,"Barbados",1,NA,NA
"313","BB",1998,"Barbados",1,NA,NA
"314","BB",1999,"Barbados",1,27.96,NA
"315","BB",2000,"Barbados",1,NA,NA
"316","BB",2001,"Barbados",4,NA,NA
"317","BB",2002,"Barbados",4,NA,45.8571428571429
"318","BB",2003,"Barbados",4,20.81,79.7142857142857
"319","BB",2004,"Barbados",4,NA,214.230769230769
"320","BB",2005,"Barbados",4,NA,109.076923076923
"321","BB",2006,"Barbados",4,NA,139
"327","BD",1987,"Bangladesh",1,NA,NA
"328","BD",1988,"Bangladesh",1,NA,NA
"329","BD",1989,"Bangladesh",1,NA,NA
"330","BD",1990,"Bangladesh",1,NA,NA
"331","BD",1991,"Bangladesh",1,18.81,NA
"332","BD",1992,"Bangladesh",1,NA,NA
"333","BD",1993,"Bangladesh",1,NA,NA
"334","BD",1994,"Bangladesh",1,NA,NA
"335","BD",1995,"Bangladesh",1,NA,NA
"336","BD",1996,"Bangladesh",1,11.45,NA
"337","BD",1997,"Bangladesh",1,NA,NA
"338","BD",1998,"Bangladesh",1,NA,NA
"339","BD",1999,"Bangladesh",1,NA,NA
"340","BD",2000,"Bangladesh",1,NA,NA
"341","BD",2001,"Bangladesh",1,NA,NA
"342","BD",2002,"Bangladesh",1,NA,188.639161517024
"343","BD",2003,"Bangladesh",1,NA,160.266893534273
"344","BD",2004,"Bangladesh",1,NA,170.671374186418
"345","BD",2005,"Bangladesh",1,NA,197.748704335735
"346","BD",2006,"Bangladesh",1,NA,193.190101522843
"366","BE",1987,"Belgium",2,3.24,NA
"367","BE",1988,"Belgium",2,NA,NA
"368","BE",1989,"Belgium",2,NA,NA
"369","BE",1990,"Belgium",2,NA,NA
"370","BE",1991,"Belgium",2,3.49,NA
"371","BE",1992,"Belgium",2,NA,NA
"372","BE",1993,"Belgium",2,NA,NA
"373","BE",1994,"Belgium",2,NA,NA
"374","BE",1995,"Belgium",2,3.04,NA
"375","BE",1996,"Belgium",2,NA,NA
"376","BE",1997,"Belgium",2,NA,NA
"377","BE",1998,"Belgium",2,NA,NA
"378","BE",1999,"Belgium",2,2.99,NA
"379","BE",2000,"Belgium",2,NA,NA
"380","BE",2001,"Belgium",2,NA,NA
"381","BE",2002,"Belgium",3,NA,327.891826923077
"382","BE",2003,"Belgium",3,5.16,313.837125748503
"383","BE",2004,"Belgium",3,NA,339.855952380952
"384","BE",2005,"Belgium",3,NA,329.143534994069
"385","BE",2006,"Belgium",3,NA,316.452494061758
"401","BG",1987,"Bulgaria",1,NA,NA
"402","BG",1988,"Bulgaria",1,NA,NA
"403","BG",1989,"Bulgaria",1,NA,NA
"404","BG",1990,"Bulgaria",1,5.37,NA
"405","BG",1991,"Bulgaria",1,12.5,NA
"406","BG",1992,"Bulgaria",1,NA,NA
"407","BG",1993,"Bulgaria",1,NA,NA
"408","BG",1994,"Bulgaria",1,7.78,NA
"409","BG",1995,"Bulgaria",1,NA,NA
"410","BG",1996,"Bulgaria",1,NA,NA
"411","BG",1997,"Bulgaria",1,3.94,NA
"412","BG",1998,"Bulgaria",1,NA,NA
"413","BG",1999,"Bulgaria",1,NA,NA
"414","BG",2000,"Bulgaria",1,NA,NA
"415","BG",2001,"Bulgaria",1,7.82,NA
"416","BG",2002,"Bulgaria",1,NA,113.768405365127
"417","BG",2003,"Bulgaria",4,NA,147.327414986458
"418","BG",2004,"Bulgaria",4,NA,80.8517959553275
"419","BG",2005,"Bulgaria",4,3.97,74.2319571383549
"420","BG",2006,"Bulgaria",4,NA,73.9399744572158
"426","BH",1987,"Bahrain",1,NA,NA
"427","BH",1988,"Bahrain",1,NA,NA
"428","BH",1989,"Bahrain",1,NA,NA
"429","BH",1990,"Bahrain",1,NA,NA
"430","BH",1991,"Bahrain",1,NA,NA
"431","BH",1992,"Bahrain",1,NA,NA
"432","BH",1993,"Bahrain",1,NA,NA
"433","BH",1994,"Bahrain",1,NA,NA
"434","BH",1995,"Bahrain",1,NA,NA
"435","BH",1996,"Bahrain",1,NA,NA
"436","BH",1997,"Bahrain",1,NA,NA
"437","BH",1998,"Bahrain",1,NA,NA
"438","BH",1999,"Bahrain",1,NA,NA
"439","BH",2000,"Bahrain",1,NA,NA
"440","BH",2001,"Bahrain",1,NA,NA
"441","BH",2002,"Bahrain",1,NA,8964.5
"442","BH",2003,"Bahrain",1,NA,103.529411764706
"443","BH",2004,"Bahrain",1,NA,0
"444","BH",2005,"Bahrain",1,NA,2906.66666666667
"445","BH",2006,"Bahrain",1,NA,9436.55172413793
"479","BN",1987,"Brunei Darussalam",1,NA,NA
"480","BN",1988,"Brunei Darussalam",1,NA,NA
"481","BN",1989,"Brunei Darussalam",1,NA,NA
"482","BN",1990,"Brunei Darussalam",1,NA,NA
"483","BN",1991,"Brunei Darussalam",1,NA,NA
"484","BN",1992,"Brunei Darussalam",1,NA,NA
"485","BN",1993,"Brunei Darussalam",1,NA,NA
"486","BN",1994,"Brunei Darussalam",1,NA,NA
"487","BN",1995,"Brunei Darussalam",1,NA,NA
"488","BN",1996,"Brunei Darussalam",1,NA,NA
"489","BN",1997,"Brunei Darussalam",1,NA,NA
"490","BN",1998,"Brunei Darussalam",1,NA,NA
"491","BN",1999,"Brunei Darussalam",1,NA,NA
"492","BN",2000,"Brunei Darussalam",1,NA,NA
"493","BN",2001,"Brunei Darussalam",1,NA,NA
"494","BN",2002,"Brunei Darussalam",1,NA,336
"495","BN",2003,"Brunei Darussalam",1,NA,102
"496","BN",2004,"Brunei Darussalam",1,NA,151.5
"497","BN",2005,"Brunei Darussalam",1,NA,308.5
"498","BN",2006,"Brunei Darussalam",1,NA,66
"519","BR",1987,"Brazil",1,NA,NA
"520","BR",1988,"Brazil",1,NA,NA
"521","BR",1989,"Brazil",1,NA,NA
"522","BR",1990,"Brazil",1,4.59,NA
"523","BR",1991,"Brazil",1,NA,NA
"524","BR",1992,"Brazil",1,NA,NA
"525","BR",1993,"Brazil",1,NA,NA
"526","BR",1994,"Brazil",1,4.33,NA
"527","BR",1995,"Brazil",1,NA,NA
"528","BR",1996,"Brazil",1,NA,NA
"529","BR",1997,"Brazil",1,NA,NA
"530","BR",1998,"Brazil",1,3.57,NA
"531","BR",1999,"Brazil",1,NA,NA
"532","BR",2000,"Brazil",1,NA,NA
"533","BR",2001,"Brazil",1,NA,NA
"534","BR",2002,"Brazil",1,5.68,120.840839620187
"535","BR",2003,"Brazil",1,NA,152.305241823189
"536","BR",2004,"Brazil",1,NA,150.94595108815
"537","BR",2005,"Brazil",1,NA,120.100351374409
"538","BR",2006,"Brazil",1,3,124.031867468147
"547","BS",1987,"Bahamas",1,10.2,NA
"548","BS",1988,"Bahamas",1,NA,NA
"549","BS",1989,"Bahamas",1,NA,NA
"550","BS",1990,"Bahamas",1,NA,NA
"551","BS",1991,"Bahamas",1,NA,NA
"552","BS",1992,"Bahamas",1,12.2,NA
"553","BS",1993,"Bahamas",1,NA,NA
"554","BS",1994,"Bahamas",1,NA,NA
"555","BS",1995,"Bahamas",1,NA,NA
"556","BS",1996,"Bahamas",1,NA,NA
"557","BS",1997,"Bahamas",1,27.1,NA
"558","BS",1998,"Bahamas",1,NA,NA
"559","BS",1999,"Bahamas",4,NA,NA
"560","BS",2000,"Bahamas",4,NA,NA
"561","BS",2001,"Bahamas",4,NA,NA
"562","BS",2002,"Bahamas",4,22.24,NA
"563","BS",2003,"Bahamas",4,NA,NA
"564","BS",2004,"Bahamas",4,NA,NA
"565","BS",2005,"Bahamas",4,NA,NA
"566","BS",2006,"Bahamas",4,NA,NA
"628","CA",1987,"Canada",2,NA,NA
"629","CA",1988,"Canada",2,11.33,NA
"630","CA",1989,"Canada",2,NA,NA
"631","CA",1990,"Canada",2,NA,NA
"632","CA",1991,"Canada",2,NA,NA
"633","CA",1992,"Canada",2,NA,NA
"634","CA",1993,"Canada",2,17.67,NA
"635","CA",1994,"Canada",2,NA,NA
"636","CA",1995,"Canada",2,NA,NA
"637","CA",1996,"Canada",2,NA,NA
"638","CA",1997,"Canada",2,13.26,NA
"639","CA",1998,"Canada",2,NA,NA
"640","CA",1999,"Canada",2,NA,NA
"641","CA",2000,"Canada",2,13.56,NA
"642","CA",2001,"Canada",2,NA,NA
"643","CA",2002,"Canada",2,NA,57.6301666447973
"644","CA",2003,"Canada",2,NA,58.9276106466548
"645","CA",2004,"Canada",2,9.81,54.632774829917
"646","CA",2005,"Canada",2,NA,61.8212786638979
"647","CA",2006,"Canada",2,8.61,46.9949459123958
"680","CH",1987,"Switzerland",2,3.78,NA
"681","CH",1988,"Switzerland",2,NA,NA
"682","CH",1989,"Switzerland",2,NA,NA
"683","CH",1990,"Switzerland",2,NA,NA
"684","CH",1991,"Switzerland",2,2.6,NA
"685","CH",1992,"Switzerland",2,NA,NA
"686","CH",1993,"Switzerland",2,NA,NA
"687","CH",1994,"Switzerland",2,NA,NA
"688","CH",1995,"Switzerland",2,4.37,NA
"689","CH",1996,"Switzerland",2,NA,NA
"690","CH",1997,"Switzerland",2,NA,NA
"691","CH",1998,"Switzerland",2,NA,NA
"692","CH",1999,"Switzerland",2,3.17,NA
"693","CH",2000,"Switzerland",2,NA,NA
"694","CH",2001,"Switzerland",2,NA,NA
"695","CH",2002,"Switzerland",2,NA,196.206220915993
"696","CH",2003,"Switzerland",2,2.47,203.369378225608
"697","CH",2004,"Switzerland",2,NA,216.437884378844
"698","CH",2005,"Switzerland",2,NA,227.964057114722
"699","CH",2006,"Switzerland",2,NA,228.653562653563
"723","CL",1987,"Chile",2,NA,NA
"724","CL",1988,"Chile",2,NA,NA
"725","CL",1989,"Chile",2,6.52,NA
"726","CL",1990,"Chile",2,NA,NA
"727","CL",1991,"Chile",2,NA,NA
"728","CL",1992,"Chile",2,NA,NA
"729","CL",1993,"Chile",2,7.47,NA
"730","CL",1994,"Chile",2,NA,NA
"731","CL",1995,"Chile",2,NA,NA
"732","CL",1996,"Chile",2,NA,NA
"733","CL",1997,"Chile",2,6.9,NA
"734","CL",1998,"Chile",2,NA,NA
"735","CL",1999,"Chile",2,NA,NA
"736","CL",2000,"Chile",2,NA,NA
"737","CL",2001,"Chile",2,5.12,NA
"738","CL",2002,"Chile",2,NA,307.773333333333
"739","CL",2003,"Chile",2,NA,330.142666666667
"740","CL",2004,"Chile",2,NA,491.352666666667
"741","CL",2005,"Chile",2,6.79,434.761379310345
"742","CL",2006,"Chile",2,NA,475.814074074074
"758","CN",1987,"China",1,NA,NA
"759","CN",1988,"China",1,NA,NA
"760","CN",1989,"China",1,NA,NA
"761","CN",1990,"China",1,NA,NA
"762","CN",1991,"China",1,NA,NA
"763","CN",1992,"China",1,NA,NA
"764","CN",1993,"China",1,NA,NA
"765","CN",1994,"China",1,NA,NA
"766","CN",1995,"China",1,NA,NA
"767","CN",1996,"China",1,NA,NA
"768","CN",1997,"China",1,NA,NA
"769","CN",1998,"China",1,NA,NA
"770","CN",1999,"China",1,NA,NA
"771","CN",2000,"China",1,NA,NA
"772","CN",2001,"China",1,NA,NA
"773","CN",2002,"China",1,NA,383.287589519651
"774","CN",2003,"China",1,NA,382.600590868397
"775","CN",2004,"China",2,NA,358.374740143369
"776","CN",2005,"China",2,NA,426.716498886414
"777","CN",2006,"China",2,NA,467.64639374425
"794","CO",1987,"Colombia",2,NA,NA
"795","CO",1988,"Colombia",2,NA,NA
"796","CO",1989,"Colombia",2,NA,NA
"797","CO",1990,"Colombia",2,1.81,NA
"798","CO",1991,"Colombia",2,2.8,NA
"799","CO",1992,"Colombia",2,NA,NA
"800","CO",1993,"Colombia",2,NA,NA
"801","CO",1994,"Colombia",2,3.69,NA
"802","CO",1995,"Colombia",2,NA,NA
"803","CO",1996,"Colombia",2,NA,NA
"804","CO",1997,"Colombia",2,NA,NA
"805","CO",1998,"Colombia",2,5.45,NA
"806","CO",1999,"Colombia",2,NA,NA
"807","CO",2000,"Colombia",2,NA,NA
"808","CO",2001,"Colombia",2,NA,NA
"809","CO",2002,"Colombia",2,3.98,309.002261420172
"810","CO",2003,"Colombia",2,NA,324.809628975265
"811","CO",2004,"Colombia",2,NA,320.96291331546
"812","CO",2005,"Colombia",3,NA,445.133267522211
"813","CO",2006,"Colombia",3,NA,571.249606216528
"859","CY",1987,"Cyprus",1,NA,NA
"860","CY",1988,"Cyprus",1,NA,NA
"861","CY",1989,"Cyprus",1,NA,NA
"862","CY",1990,"Cyprus",1,NA,NA
"863","CY",1991,"Cyprus",1,1.58,NA
"864","CY",1992,"Cyprus",1,NA,NA
"865","CY",1993,"Cyprus",1,NA,NA
"866","CY",1994,"Cyprus",1,NA,NA
"867","CY",1995,"Cyprus",1,NA,NA
"868","CY",1996,"Cyprus",1,1.61,NA
"869","CY",1997,"Cyprus",1,NA,NA
"870","CY",1998,"Cyprus",1,NA,NA
"871","CY",1999,"Cyprus",1,NA,NA
"872","CY",2000,"Cyprus",1,NA,NA
"873","CY",2001,"Cyprus",2,1.59,NA
"874","CY",2002,"Cyprus",2,NA,159.65
"875","CY",2003,"Cyprus",2,NA,158.232142857143
"876","CY",2004,"Cyprus",2,NA,131.407079646018
"877","CY",2005,"Cyprus",2,NA,108.975609756098
"878","CY",2006,"Cyprus",2,2.42,109.026086956522
"884","CZ",1993,"Czech Republic",1,NA,NA
"885","CZ",1994,"Czech Republic",1,NA,NA
"886","CZ",1995,"Czech Republic",1,NA,NA
"887","CZ",1996,"Czech Republic",1,8.57,NA
"888","CZ",1997,"Czech Republic",1,NA,NA
"889","CZ",1998,"Czech Republic",1,5.55,NA
"890","CZ",1999,"Czech Republic",1,NA,NA
"891","CZ",2000,"Czech Republic",1,NA,NA
"892","CZ",2001,"Czech Republic",1,NA,NA
"893","CZ",2002,"Czech Republic",1,5.78,81.6791576339424
"894","CZ",2003,"Czech Republic",1,NA,91.574309649395
"895","CZ",2004,"Czech Republic",1,NA,87.0080845771144
"896","CZ",2005,"Czech Republic",1,NA,89.5550015581178
"897","CZ",2006,"Czech Republic",1,5.72,94.2735790131168
"913","DE",1987,"Germany",4,4.61,NA
"914","DE",1988,"Germany",4,NA,NA
"915","DE",1989,"Germany",4,NA,NA
"916","DE",1990,"Germany",4,3.85,NA
"917","DE",1991,"Germany",4,NA,NA
"918","DE",1992,"Germany",4,NA,NA
"919","DE",1993,"Germany",4,NA,NA
"920","DE",1994,"Germany",4,3.67,NA
"921","DE",1995,"Germany",4,NA,NA
"922","DE",1996,"Germany",4,NA,NA
"923","DE",1997,"Germany",4,NA,NA
"924","DE",1998,"Germany",4,4.69,NA
"925","DE",1999,"Germany",4,NA,NA
"926","DE",2000,"Germany",4,NA,NA
"927","DE",2001,"Germany",4,NA,NA
"928","DE",2002,"Germany",3,4.43,220.074039521669
"929","DE",2003,"Germany",3,NA,219.698063752431
"930","DE",2004,"Germany",3,NA,215.125819465456
"931","DE",2005,"Germany",3,2.16,208.757056451613
"932","DE",2006,"Germany",3,NA,194.419012304062
"954","DK",1987,"Denmark",2,2.11,NA
"955","DK",1988,"Denmark",3,2.34,NA
"956","DK",1989,"Denmark",3,NA,NA
"957","DK",1990,"Denmark",3,2.62,NA
"958","DK",1991,"Denmark",3,NA,NA
"959","DK",1992,"Denmark",3,NA,NA
"960","DK",1993,"Denmark",3,NA,NA
"961","DK",1994,"Denmark",3,1.57,NA
"962","DK",1995,"Denmark",3,NA,NA
"963","DK",1996,"Denmark",3,NA,NA
"964","DK",1997,"Denmark",3,NA,NA
"965","DK",1998,"Denmark",3,0.42,NA
"966","DK",1999,"Denmark",3,NA,NA
"967","DK",2000,"Denmark",3,NA,NA
"968","DK",2001,"Denmark",3,1.58,NA
"969","DK",2002,"Denmark",3,NA,97.5584358523726
"970","DK",2003,"Denmark",3,NA,136.40026478376
"971","DK",2004,"Denmark",3,NA,144.784486557955
"972","DK",2005,"Denmark",3,1.76,137.117066895369
"973","DK",2006,"Denmark",3,NA,138.581167447806
"992","DO",1987,"Dominican Republic",4,NA,NA
"993","DO",1988,"Dominican Republic",4,NA,NA
"994","DO",1989,"Dominican Republic",4,NA,NA
"995","DO",1990,"Dominican Republic",4,5.79,NA
"996","DO",1991,"Dominican Republic",4,NA,NA
"997","DO",1992,"Dominican Republic",4,NA,NA
"998","DO",1993,"Dominican Republic",4,NA,NA
"999","DO",1994,"Dominican Republic",4,NA,NA
"1000","DO",1995,"Dominican Republic",4,NA,NA
"1001","DO",1996,"Dominican Republic",4,NA,NA
"1002","DO",1997,"Dominican Republic",4,NA,NA
"1003","DO",1998,"Dominican Republic",4,18.36,NA
"1004","DO",1999,"Dominican Republic",4,NA,NA
"1005","DO",2000,"Dominican Republic",4,NA,NA
"1006","DO",2001,"Dominican Republic",4,NA,NA
"1007","DO",2002,"Dominican Republic",4,4.99,75.9297235023041
"1008","DO",2003,"Dominican Republic",4,NA,52.2426829268293
"1009","DO",2004,"Dominican Republic",4,NA,59.1731707317073
"1010","DO",2005,"Dominican Republic",4,NA,58.240243902439
"1011","DO",2006,"Dominican Republic",4,NA,80.4670731707317
"1030","EC",1987,"Ecuador",2,NA,NA
"1031","EC",1988,"Ecuador",2,16.68,NA
"1032","EC",1989,"Ecuador",2,NA,NA
"1033","EC",1990,"Ecuador",2,5.97,NA
"1034","EC",1991,"Ecuador",2,NA,NA
"1035","EC",1992,"Ecuador",2,4.55,NA
"1036","EC",1993,"Ecuador",2,NA,NA
"1037","EC",1994,"Ecuador",2,7.55,NA
"1038","EC",1995,"Ecuador",2,NA,NA
"1039","EC",1996,"Ecuador",2,6.48,NA
"1040","EC",1997,"Ecuador",2,NA,NA
"1041","EC",1998,"Ecuador",2,4.6,NA
"1042","EC",1999,"Ecuador",2,NA,NA
"1043","EC",2000,"Ecuador",2,NA,NA
"1044","EC",2001,"Ecuador",2,NA,NA
"1045","EC",2002,"Ecuador",2,NA,167.622058823529
"1046","EC",2003,"Ecuador",2,NA,156.822170900693
"1047","EC",2004,"Ecuador",2,NA,217.529365700861
"1048","EC",2005,"Ecuador",2,NA,150.829475308642
"1049","EC",2006,"Ecuador",2,NA,207.789943227899
"1055","EE",1991,"Estonia",1,NA,NA
"1056","EE",1992,"Estonia",1,7.23,NA
"1057","EE",1993,"Estonia",1,NA,NA
"1058","EE",1994,"Estonia",1,NA,NA
"1059","EE",1995,"Estonia",1,7.34,NA
"1060","EE",1996,"Estonia",1,NA,NA
"1061","EE",1997,"Estonia",1,NA,NA
"1062","EE",1998,"Estonia",2,NA,NA
"1063","EE",1999,"Estonia",2,4.57,NA
"1064","EE",2000,"Estonia",2,NA,NA
"1065","EE",2001,"Estonia",2,NA,NA
"1066","EE",2002,"Estonia",3,NA,44.0570962479609
"1067","EE",2003,"Estonia",3,3.5,71.6495412844037
"1068","EE",2004,"Estonia",3,NA,84.5212355212355
"1069","EE",2005,"Estonia",3,NA,61.0338409475465
"1070","EE",2006,"Estonia",3,NA,75.8028673835125
"1076","EG",1987,"Egypt",2,NA,NA
"1077","EG",1988,"Egypt",2,NA,NA
"1078","EG",1989,"Egypt",2,NA,NA
"1079","EG",1990,"Egypt",2,NA,NA
"1080","EG",1991,"Egypt",2,NA,NA
"1081","EG",1992,"Egypt",2,NA,NA
"1082","EG",1993,"Egypt",2,NA,NA
"1083","EG",1994,"Egypt",2,NA,NA
"1084","EG",1995,"Egypt",2,NA,NA
"1085","EG",1996,"Egypt",2,NA,NA
"1086","EG",1997,"Egypt",2,NA,NA
"1087","EG",1998,"Egypt",2,NA,NA
"1088","EG",1999,"Egypt",2,NA,NA
"1089","EG",2000,"Egypt",2,NA,NA
"1090","EG",2001,"Egypt",2,NA,NA
"1091","EG",2002,"Egypt",2,NA,432.532697547684
"1092","EG",2003,"Egypt",2,NA,627.750516173434
"1093","EG",2004,"Egypt",2,NA,557.593929173693
"1094","EG",2005,"Egypt",2,NA,672.883339836129
"1095","EG",2006,"Egypt",2,NA,492.123224568138
"1114","ES",1987,"Spain",1,NA,NA
"1115","ES",1988,"Spain",4,NA,NA
"1116","ES",1989,"Spain",4,9.35,NA
"1117","ES",1990,"Spain",4,NA,NA
"1118","ES",1991,"Spain",4,NA,NA
"1119","ES",1992,"Spain",4,NA,NA
"1120","ES",1993,"Spain",4,7.08,NA
"1121","ES",1994,"Spain",4,NA,NA
"1122","ES",1995,"Spain",4,NA,NA
"1123","ES",1996,"Spain",4,5.36,NA
"1124","ES",1997,"Spain",4,NA,NA
"1125","ES",1998,"Spain",4,NA,NA
"1126","ES",1999,"Spain",4,NA,NA
"1127","ES",2000,"Spain",4,6.1,NA
"1128","ES",2001,"Spain",4,NA,NA
"1129","ES",2002,"Spain",4,NA,164.451777829421
"1130","ES",2003,"Spain",4,NA,175.270953368672
"1131","ES",2004,"Spain",4,4.25,165.402610364683
"1132","ES",2005,"Spain",4,NA,142.139549291412
"1133","ES",2006,"Spain",4,NA,142.329481132075
"1170","FI",1987,"Finland",1,4.98,NA
"1171","FI",1988,"Finland",1,NA,NA
"1172","FI",1989,"Finland",1,NA,NA
"1173","FI",1990,"Finland",1,NA,NA
"1174","FI",1991,"Finland",1,3.24,NA
"1175","FI",1992,"Finland",1,NA,NA
"1176","FI",1993,"Finland",1,NA,NA
"1177","FI",1994,"Finland",1,NA,NA
"1178","FI",1995,"Finland",1,3.81,NA
"1179","FI",1996,"Finland",1,NA,NA
"1180","FI",1997,"Finland",1,NA,NA
"1181","FI",1998,"Finland",1,NA,NA
"1182","FI",1999,"Finland",1,3.24,NA
"1183","FI",2000,"Finland",1,NA,NA
"1184","FI",2001,"Finland",1,NA,NA
"1185","FI",2002,"Finland",1,NA,136.142578567865
"1186","FI",2003,"Finland",3,3.16,118.386033065318
"1187","FI",2004,"Finland",3,NA,132.745530688522
"1188","FI",2005,"Finland",3,NA,134.217303822938
"1189","FI",2006,"Finland",3,NA,134.495465604955
"1236","FR",1987,"France",2,NA,NA
"1237","FR",1988,"France",2,11.84,NA
"1238","FR",1989,"France",2,NA,NA
"1239","FR",1990,"France",2,NA,NA
"1240","FR",1991,"France",2,NA,NA
"1241","FR",1992,"France",2,NA,NA
"1242","FR",1993,"France",2,25.25,NA
"1243","FR",1994,"France",2,NA,NA
"1244","FR",1995,"France",2,NA,NA
"1245","FR",1996,"France",2,NA,NA
"1246","FR",1997,"France",2,17.69,NA
"1247","FR",1998,"France",2,NA,NA
"1248","FR",1999,"France",2,NA,NA
"1249","FR",2000,"France",2,NA,NA
"1250","FR",2001,"France",2,NA,NA
"1251","FR",2002,"France",2,21.95,211.299884050713
"1252","FR",2003,"France",2,NA,223.355397564763
"1253","FR",2004,"France",2,NA,212.103394960911
"1254","FR",2005,"France",2,NA,192.493986263647
"1255","FR",2006,"France",2,NA,190.393992769074
"1282","GB",1987,"United Kingdom",4,14.95,NA
"1283","GB",1988,"United Kingdom",4,NA,NA
"1284","GB",1989,"United Kingdom",4,NA,NA
"1285","GB",1990,"United Kingdom",4,NA,NA
"1286","GB",1991,"United Kingdom",4,NA,NA
"1287","GB",1992,"United Kingdom",4,13.55,NA
"1288","GB",1993,"United Kingdom",4,NA,NA
"1289","GB",1994,"United Kingdom",4,NA,NA
"1290","GB",1995,"United Kingdom",4,NA,NA
"1291","GB",1996,"United Kingdom",4,NA,NA
"1292","GB",1997,"United Kingdom",3,16.51,NA
"1293","GB",1998,"United Kingdom",3,NA,NA
"1294","GB",1999,"United Kingdom",3,NA,NA
"1295","GB",2000,"United Kingdom",3,NA,NA
"1296","GB",2001,"United Kingdom",3,17.77,NA
"1297","GB",2002,"United Kingdom",3,NA,319.05012098168
"1298","GB",2003,"United Kingdom",3,NA,314.189786181304
"1299","GB",2004,"United Kingdom",3,NA,287.334593572779
"1300","GB",2005,"United Kingdom",3,16.73,272.82248210857
"1301","GB",2006,"United Kingdom",3,NA,254.18444371513
"1327","GH",1987,"Ghana",1,NA,NA
"1328","GH",1988,"Ghana",1,NA,NA
"1329","GH",1989,"Ghana",1,NA,NA
"1330","GH",1990,"Ghana",1,NA,NA
"1331","GH",1991,"Ghana",1,NA,NA
"1332","GH",1992,"Ghana",1,NA,NA
"1333","GH",1993,"Ghana",4,NA,NA
"1334","GH",1994,"Ghana",4,NA,NA
"1335","GH",1995,"Ghana",4,NA,NA
"1336","GH",1996,"Ghana",4,NA,NA
"1337","GH",1997,"Ghana",4,NA,NA
"1338","GH",1998,"Ghana",4,NA,NA
"1339","GH",1999,"Ghana",4,NA,NA
"1340","GH",2000,"Ghana",4,NA,NA
"1341","GH",2001,"Ghana",4,NA,NA
"1342","GH",2002,"Ghana",4,NA,3.74551542693136
"1343","GH",2003,"Ghana",4,NA,6.8389486260454
"1344","GH",2004,"Ghana",4,NA,13.2005
"1345","GH",2005,"Ghana",4,NA,5.99875
"1346","GH",2006,"Ghana",4,NA,20.0597619047619
"1391","GR",1987,"Greece",1,NA,NA
"1392","GR",1988,"Greece",1,NA,NA
"1393","GR",1989,"Greece",1,3.94,NA
"1395","GR",1990,"Greece",1,3.97,NA
"1396","GR",1991,"Greece",1,NA,NA
"1397","GR",1992,"Greece",1,NA,NA
"1398","GR",1993,"Greece",1,7.57,NA
"1399","GR",1994,"Greece",1,NA,NA
"1400","GR",1995,"Greece",1,NA,NA
"1401","GR",1996,"Greece",1,9.45,NA
"1402","GR",1997,"Greece",1,NA,NA
"1403","GR",1998,"Greece",1,NA,NA
"1404","GR",1999,"Greece",1,NA,NA
"1405","GR",2000,"Greece",1,6.78,NA
"1406","GR",2001,"Greece",1,NA,NA
"1407","GR",2002,"Greece",1,NA,156.376886271623
"1408","GR",2003,"Greece",1,NA,162.090339233038
"1409","GR",2004,"Greece",1,NA,176.41764929631
"1410","GR",2005,"Greece",1,NA,143.040924592649
"1411","GR",2006,"Greece",1,NA,124.629256965944
"1417","GT",1987,"Guatemala",2,NA,NA
"1418","GT",1988,"Guatemala",2,NA,NA
"1419","GT",1989,"Guatemala",2,NA,NA
"1420","GT",1990,"Guatemala",2,NA,NA
"1421","GT",1991,"Guatemala",2,NA,NA
"1422","GT",1992,"Guatemala",2,NA,NA
"1423","GT",1993,"Guatemala",2,NA,NA
"1424","GT",1994,"Guatemala",2,NA,NA
"1425","GT",1995,"Guatemala",2,NA,NA
"1426","GT",1996,"Guatemala",2,NA,NA
"1427","GT",1997,"Guatemala",2,NA,NA
"1428","GT",1998,"Guatemala",2,NA,NA
"1429","GT",1999,"Guatemala",2,12.96,NA
"1430","GT",2000,"Guatemala",2,NA,NA
"1431","GT",2001,"Guatemala",2,NA,NA
"1432","GT",2002,"Guatemala",2,NA,99.7901754385965
"1433","GT",2003,"Guatemala",2,9.95,91.671826625387
"1434","GT",2004,"Guatemala",2,NA,124.94625
"1435","GT",2005,"Guatemala",2,NA,141.690714285714
"1436","GT",2006,"Guatemala",2,NA,136.043824701195
"1461","HK",1987,"Hong Kong",1,NA,NA
"1462","HK",1988,"Hong Kong",1,NA,NA
"1463","HK",1989,"Hong Kong",4,NA,NA
"1464","HK",1990,"Hong Kong",4,NA,NA
"1465","HK",1991,"Hong Kong",4,NA,NA
"1466","HK",1992,"Hong Kong",4,NA,NA
"1467","HK",1993,"Hong Kong",4,NA,NA
"1468","HK",1994,"Hong Kong",4,NA,NA
"1469","HK",1995,"Hong Kong",4,NA,NA
"1470","HK",1996,"Hong Kong",4,NA,NA
"1471","HK",1997,"Hong Kong",4,NA,NA
"1472","HK",1998,"Hong Kong",4,NA,NA
"1473","HK",1999,"Hong Kong",4,NA,NA
"1474","HK",2000,"Hong Kong",4,NA,NA
"1475","HK",2001,"Hong Kong",4,NA,NA
"1476","HK",2002,"Hong Kong",4,NA,728.4
"1477","HK",2003,"Hong Kong",4,NA,359.8
"1478","HK",2004,"Hong Kong",4,NA,390.8
"1479","HK",2005,"Hong Kong",4,NA,365.8
"1480","HK",2006,"Hong Kong",4,NA,390
"1490","HN",1987,"Honduras",3,NA,NA
"1491","HN",1988,"Honduras",3,NA,NA
"1492","HN",1989,"Honduras",3,2.62,NA
"1493","HN",1990,"Honduras",3,NA,NA
"1494","HN",1991,"Honduras",3,NA,NA
"1495","HN",1992,"Honduras",3,NA,NA
"1496","HN",1993,"Honduras",3,2.13,NA
"1497","HN",1994,"Honduras",3,NA,NA
"1498","HN",1995,"Honduras",3,NA,NA
"1499","HN",1996,"Honduras",3,NA,NA
"1500","HN",1997,"Honduras",3,3.73,NA
"1501","HN",1998,"Honduras",3,NA,NA
"1502","HN",1999,"Honduras",3,NA,NA
"1503","HN",2000,"Honduras",3,NA,NA
"1504","HN",2001,"Honduras",3,2.41,NA
"1505","HN",2002,"Honduras",3,NA,31.9569288389513
"1506","HN",2003,"Honduras",3,NA,54.8970037453184
"1507","HN",2004,"Honduras",3,NA,134.966666666667
"1508","HN",2005,"Honduras",3,4.08,160.851428571429
"1509","HN",2006,"Honduras",3,NA,188.835238095238
"1515","HR",1991,"Croatia",1,NA,NA
"1516","HR",1992,"Croatia",1,NA,NA
"1517","HR",1993,"Croatia",1,NA,NA
"1518","HR",1994,"Croatia",1,NA,NA
"1519","HR",1995,"Croatia",1,NA,NA
"1520","HR",1996,"Croatia",1,NA,NA
"1521","HR",1997,"Croatia",1,NA,NA
"1522","HR",1998,"Croatia",1,NA,NA
"1523","HR",1999,"Croatia",1,NA,NA
"1524","HR",2000,"Croatia",1,6.92,NA
"1525","HR",2001,"Croatia",1,NA,NA
"1526","HR",2002,"Croatia",1,NA,256.988344988345
"1527","HR",2003,"Croatia",1,9.6,292.802083333333
"1528","HR",2004,"Croatia",1,NA,312.584415584416
"1529","HR",2005,"Croatia",4,NA,294.508591065292
"1530","HR",2006,"Croatia",4,NA,380.787741203178
"1536","HU",1987,"Hungary",2,NA,NA
"1537","HU",1988,"Hungary",2,NA,NA
"1538","HU",1989,"Hungary",2,NA,NA
"1539","HU",1990,"Hungary",2,13.75,NA
"1540","HU",1991,"Hungary",2,NA,NA
"1541","HU",1992,"Hungary",2,NA,NA
"1542","HU",1993,"Hungary",2,NA,NA
"1543","HU",1994,"Hungary",2,16.18,NA
"1544","HU",1995,"Hungary",2,NA,NA
"1545","HU",1996,"Hungary",2,NA,NA
"1546","HU",1997,"Hungary",2,NA,NA
"1547","HU",1998,"Hungary",2,10.88,NA
"1548","HU",1999,"Hungary",2,NA,NA
"1549","HU",2000,"Hungary",3,NA,NA
"1550","HU",2001,"Hungary",3,NA,NA
"1551","HU",2002,"Hungary",3,7.3,94.8762483716891
"1552","HU",2003,"Hungary",3,NA,95.4970633021536
"1553","HU",2004,"Hungary",3,NA,98.5210961287516
"1554","HU",2005,"Hungary",3,NA,85.1988698109107
"1555","HU",2006,"Hungary",3,5.13,99.1951272569067
"1562","ID",1987,"Indonesia",1,NA,NA
"1563","ID",1988,"Indonesia",1,NA,NA
"1564","ID",1989,"Indonesia",1,NA,NA
"1565","ID",1990,"Indonesia",1,NA,NA
"1566","ID",1991,"Indonesia",1,NA,NA
"1567","ID",1992,"Indonesia",1,NA,NA
"1568","ID",1993,"Indonesia",1,NA,NA
"1569","ID",1994,"Indonesia",1,NA,NA
"1570","ID",1995,"Indonesia",1,NA,NA
"1571","ID",1996,"Indonesia",1,NA,NA
"1572","ID",1997,"Indonesia",1,NA,NA
"1573","ID",1998,"Indonesia",1,NA,NA
"1574","ID",1999,"Indonesia",1,3.54,NA
"1575","ID",2000,"Indonesia",4,NA,NA
"1576","ID",2001,"Indonesia",4,NA,NA
"1577","ID",2002,"Indonesia",4,NA,123.959065783577
"1578","ID",2003,"Indonesia",4,NA,131.132152102116
"1579","ID",2004,"Indonesia",4,4.45,131.209397551285
"1580","ID",2005,"Indonesia",4,NA,143.986402858886
"1581","ID",2006,"Indonesia",4,NA,158.016093023256
"1598","IE",1987,"Ireland",1,5.14,NA
"1599","IE",1988,"Ireland",1,NA,NA
"1600","IE",1989,"Ireland",1,3.84,NA
"1601","IE",1990,"Ireland",1,NA,NA
"1602","IE",1991,"Ireland",1,NA,NA
"1603","IE",1992,"Ireland",1,3.1,NA
"1604","IE",1993,"Ireland",1,NA,NA
"1605","IE",1994,"Ireland",1,NA,NA
"1606","IE",1995,"Ireland",1,NA,NA
"1607","IE",1996,"Ireland",1,NA,NA
"1608","IE",1997,"Ireland",1,6.55,NA
"1609","IE",1998,"Ireland",1,NA,NA
"1610","IE",1999,"Ireland",1,NA,NA
"1611","IE",2000,"Ireland",1,NA,NA
"1612","IE",2001,"Ireland",1,NA,NA
"1613","IE",2002,"Ireland",1,6.62,597.017841971113
"1614","IE",2003,"Ireland",1,NA,533.773265651438
"1615","IE",2004,"Ireland",1,NA,466.43153526971
"1616","IE",2005,"Ireland",1,NA,458.037162162162
"1617","IE",2006,"Ireland",1,NA,431.876843018213
"1634","IL",1987,"Israel",4,NA,NA
"1635","IL",1988,"Israel",4,2.53,NA
"1636","IL",1989,"Israel",4,NA,NA
"1637","IL",1990,"Israel",4,NA,NA
"1638","IL",1991,"Israel",4,NA,NA
"1639","IL",1992,"Israel",4,2.22,NA
"1640","IL",1993,"Israel",4,NA,NA
"1641","IL",1994,"Israel",4,NA,NA
"1642","IL",1995,"Israel",4,NA,NA
"1643","IL",1996,"Israel",4,1.65,NA
"1644","IL",1997,"Israel",4,NA,NA
"1645","IL",1998,"Israel",4,NA,NA
"1646","IL",1999,"Israel",4,2.22,NA
"1647","IL",2000,"Israel",4,NA,NA
"1648","IL",2001,"Israel",4,NA,NA
"1649","IL",2002,"Israel",4,NA,251.862464183381
"1650","IL",2003,"Israel",4,2.53,282.934131736527
"1651","IL",2004,"Israel",4,NA,320.900321543408
"1652","IL",2005,"Israel",4,NA,292.604501607717
"1653","IL",2006,"Israel",4,2.49,304.950495049505
"1667","IN",1987,"India",4,NA,NA
"1668","IN",1988,"India",4,NA,NA
"1669","IN",1989,"India",4,8.57,NA
"1670","IN",1990,"India",4,NA,NA
"1671","IN",1991,"India",4,7.51,NA
"1672","IN",1992,"India",4,NA,NA
"1673","IN",1993,"India",4,NA,NA
"1674","IN",1994,"India",4,NA,NA
"1675","IN",1995,"India",4,NA,NA
"1676","IN",1996,"India",4,7.89,NA
"1677","IN",1997,"India",4,NA,NA
"1678","IN",1998,"India",4,9.33,NA
"1679","IN",1999,"India",4,NA,NA
"1680","IN",2000,"India",4,NA,NA
"1681","IN",2001,"India",4,NA,NA
"1682","IN",2002,"India",4,NA,100.329055300688
"1683","IN",2003,"India",4,NA,105.177203862352
"1684","IN",2004,"India",4,4.53,115.271510073208
"1685","IN",2005,"India",4,NA,127.614591957051
"1686","IN",2006,"India",4,NA,136.403921543911
"1721","IS",1987,"Iceland",1,2.31,NA
"1722","IS",1988,"Iceland",1,NA,NA
"1723","IS",1989,"Iceland",1,NA,NA
"1724","IS",1990,"Iceland",1,NA,NA
"1725","IS",1991,"Iceland",1,2.79,NA
"1726","IS",1992,"Iceland",1,NA,NA
"1727","IS",1993,"Iceland",1,NA,NA
"1728","IS",1994,"Iceland",1,NA,NA
"1729","IS",1995,"Iceland",1,1.98,NA
"1730","IS",1996,"Iceland",1,NA,NA
"1731","IS",1997,"Iceland",1,NA,NA
"1732","IS",1998,"Iceland",3,NA,NA
"1733","IS",1999,"Iceland",3,1.06,NA
"1734","IS",2000,"Iceland",3,NA,NA
"1735","IS",2001,"Iceland",3,NA,NA
"1736","IS",2002,"Iceland",3,NA,145.751937984496
"1737","IS",2003,"Iceland",3,1.85,122.883720930233
"1738","IS",2004,"Iceland",3,NA,137.922480620155
"1739","IS",2005,"Iceland",3,NA,133.558139534884
"1740","IS",2006,"Iceland",3,NA,167.821705426357
"1755","IT",1987,"Italy",4,2.52,NA
"1756","IT",1988,"Italy",4,NA,NA
"1757","IT",1989,"Italy",4,NA,NA
"1758","IT",1990,"Italy",4,NA,NA
"1759","IT",1991,"Italy",4,NA,NA
"1760","IT",1992,"Italy",4,2.51,NA
"1761","IT",1993,"Italy",4,NA,NA
"1762","IT",1994,"Italy",4,7.81,NA
"1763","IT",1995,"Italy",4,NA,NA
"1764","IT",1996,"Italy",4,6.91,NA
"1765","IT",1997,"Italy",4,NA,NA
"1766","IT",1998,"Italy",4,NA,NA
"1767","IT",1999,"Italy",4,NA,NA
"1768","IT",2000,"Italy",4,NA,NA
"1769","IT",2001,"Italy",4,10.22,NA
"1770","IT",2002,"Italy",4,NA,171.121877639677
"1771","IT",2003,"Italy",4,NA,177.702475185325
"1772","IT",2004,"Italy",4,NA,181.418097505953
"1773","IT",2005,"Italy",4,NA,171.753084832905
"1774","IT",2006,"Italy",4,3.61,177.031588937093
"1789","JM",1987,"Jamaica",4,NA,NA
"1790","JM",1988,"Jamaica",4,NA,NA
"1791","JM",1989,"Jamaica",4,18.35,NA
"1792","JM",1990,"Jamaica",4,NA,NA
"1793","JM",1991,"Jamaica",4,NA,NA
"1794","JM",1992,"Jamaica",4,NA,NA
"1795","JM",1993,"Jamaica",4,26.35,NA
"1796","JM",1994,"Jamaica",4,NA,NA
"1797","JM",1995,"Jamaica",4,NA,NA
"1798","JM",1996,"Jamaica",4,NA,NA
"1799","JM",1997,"Jamaica",4,25,NA
"1800","JM",1998,"Jamaica",4,NA,NA
"1801","JM",1999,"Jamaica",4,NA,NA
"1802","JM",2000,"Jamaica",4,NA,NA
"1803","JM",2001,"Jamaica",4,NA,NA
"1804","JM",2002,"Jamaica",4,4.32,94.6740740740741
"1805","JM",2003,"Jamaica",4,NA,112.192592592593
"1806","JM",2004,"Jamaica",4,NA,123.947368421053
"1807","JM",2005,"Jamaica",4,NA,115.84375
"1808","JM",2006,"Jamaica",4,NA,63.515625
"1814","JO",1987,"Jordan",1,NA,NA
"1815","JO",1988,"Jordan",1,NA,NA
"1816","JO",1989,"Jordan",1,NA,NA
"1817","JO",1990,"Jordan",1,NA,NA
"1818","JO",1991,"Jordan",1,NA,NA
"1819","JO",1992,"Jordan",1,NA,NA
"1820","JO",1993,"Jordan",1,NA,NA
"1821","JO",1994,"Jordan",1,NA,NA
"1822","JO",1995,"Jordan",1,NA,NA
"1823","JO",1996,"Jordan",1,NA,NA
"1824","JO",1997,"Jordan",4,NA,NA
"1825","JO",1998,"Jordan",4,NA,NA
"1826","JO",1999,"Jordan",4,NA,NA
"1827","JO",2000,"Jordan",4,NA,NA
"1828","JO",2001,"Jordan",4,NA,NA
"1829","JO",2002,"Jordan",4,NA,1590.45641025641
"1830","JO",2003,"Jordan",4,NA,916.141242937853
"1831","JO",2004,"Jordan",4,NA,476.531100478469
"1832","JO",2005,"Jordan",4,NA,784.016216216216
"1833","JO",2006,"Jordan",4,NA,693.473684210526
"1856","JP",1987,"Japan",1,NA,NA
"1857","JP",1988,"Japan",1,NA,NA
"1858","JP",1989,"Japan",1,NA,NA
"1859","JP",1990,"Japan",1,6.73,NA
"1860","JP",1991,"Japan",1,NA,NA
"1861","JP",1992,"Japan",1,NA,NA
"1862","JP",1993,"Japan",1,6.36,NA
"1863","JP",1994,"Japan",1,NA,NA
"1864","JP",1995,"Japan",1,NA,NA
"1865","JP",1996,"Japan",1,10.67,NA
"1866","JP",1997,"Japan",1,NA,NA
"1867","JP",1998,"Japan",1,NA,NA
"1868","JP",1999,"Japan",1,NA,NA
"1869","JP",2000,"Japan",3,11.49,NA
"1870","JP",2001,"Japan",3,NA,NA
"1871","JP",2002,"Japan",3,NA,333.544467073999
"1872","JP",2003,"Japan",3,8.52,335.170798271549
"1873","JP",2004,"Japan",3,NA,353.683717743777
"1874","JP",2005,"Japan",3,15.63,347.969266055046
"1875","JP",2006,"Japan",3,NA,332.82753856781
"1881","KE",1987,"Kenya",1,NA,NA
"1882","KE",1988,"Kenya",1,NA,NA
"1883","KE",1989,"Kenya",1,NA,NA
"1884","KE",1990,"Kenya",1,NA,NA
"1885","KE",1991,"Kenya",1,NA,NA
"1886","KE",1992,"Kenya",1,NA,NA
"1887","KE",1993,"Kenya",1,NA,NA
"1888","KE",1994,"Kenya",1,NA,NA
"1889","KE",1995,"Kenya",1,NA,NA
"1890","KE",1996,"Kenya",1,NA,NA
"1891","KE",1997,"Kenya",1,NA,NA
"1892","KE",1998,"Kenya",1,NA,NA
"1893","KE",1999,"Kenya",1,NA,NA
"1894","KE",2000,"Kenya",1,NA,NA
"1895","KE",2001,"Kenya",1,NA,NA
"1896","KE",2002,"Kenya",1,NA,27.313101551758
"1897","KE",2003,"Kenya",1,NA,33.0967741935484
"1898","KE",2004,"Kenya",1,NA,27.6808672499049
"1899","KE",2005,"Kenya",1,NA,34.3265577507599
"1900","KE",2006,"Kenya",1,NA,33.154802259887
"1943","KR",1987,"Korea",1,NA,NA
"1944","KR",1988,"Korea",1,7.99,NA
"1945","KR",1989,"Korea",1,NA,NA
"1946","KR",1990,"Korea",1,NA,NA
"1947","KR",1991,"Korea",1,NA,NA
"1948","KR",1992,"Korea",1,10.87,NA
"1949","KR",1993,"Korea",1,NA,NA
"1950","KR",1994,"Korea",1,NA,NA
"1951","KR",1995,"Korea",1,NA,NA
"1952","KR",1996,"Korea",1,10.3,NA
"1953","KR",1997,"Korea",3,NA,NA
"1954","KR",1998,"Korea",3,NA,NA
"1955","KR",1999,"Korea",3,NA,NA
"1956","KR",2000,"Korea",3,13.38,NA
"1957","KR",2001,"Korea",3,NA,NA
"1958","KR",2002,"Korea",3,NA,412.127240143369
"1959","KR",2003,"Korea",3,NA,468.790235081374
"1960","KR",2004,"Korea",3,12.11,525.422867513612
"1961","KR",2005,"Korea",3,NA,643.357881923311
"1962","KR",2006,"Korea",3,NA,469.849907350216
"2019","LK",1987,"Sri Lanka",4,NA,NA
"2020","LK",1988,"Sri Lanka",4,NA,NA
"2021","LK",1989,"Sri Lanka",4,NA,NA
"2022","LK",1990,"Sri Lanka",4,NA,NA
"2023","LK",1991,"Sri Lanka",4,NA,NA
"2024","LK",1992,"Sri Lanka",4,NA,NA
"2025","LK",1993,"Sri Lanka",4,NA,NA
"2026","LK",1994,"Sri Lanka",4,NA,NA
"2027","LK",1995,"Sri Lanka",4,NA,NA
"2028","LK",1996,"Sri Lanka",4,NA,NA
"2029","LK",1997,"Sri Lanka",4,NA,NA
"2030","LK",1998,"Sri Lanka",4,NA,NA
"2031","LK",1999,"Sri Lanka",4,NA,NA
"2032","LK",2000,"Sri Lanka",4,2.65,NA
"2033","LK",2001,"Sri Lanka",4,3.86,NA
"2034","LK",2002,"Sri Lanka",4,NA,304.563034188034
"2035","LK",2003,"Sri Lanka",4,NA,259.184210526316
"2036","LK",2004,"Sri Lanka",4,2.8,287.01
"2037","LK",2005,"Sri Lanka",4,NA,255.291818181818
"2038","LK",2006,"Sri Lanka",4,NA,291.315238095238
"2051","LT",1991,"Lithuania",1,NA,NA
"2052","LT",1992,"Lithuania",1,9.61,NA
"2053","LT",1993,"Lithuania",1,NA,NA
"2054","LT",1994,"Lithuania",4,NA,NA
"2055","LT",1995,"Lithuania",4,NA,NA
"2056","LT",1996,"Lithuania",4,15.17,NA
"2057","LT",1997,"Lithuania",4,NA,NA
"2058","LT",1998,"Lithuania",4,NA,NA
"2059","LT",1999,"Lithuania",4,NA,NA
"2060","LT",2000,"Lithuania",4,10.42,NA
"2061","LT",2001,"Lithuania",4,NA,NA
"2062","LT",2002,"Lithuania",4,NA,110.154972544234
"2063","LT",2003,"Lithuania",4,NA,147.384262295082
"2064","LT",2004,"Lithuania",4,5.03,173.760207869339
"2065","LT",2005,"Lithuania",4,NA,97.5641227380016
"2066","LT",2006,"Lithuania",4,NA,102.167873110496
"2082","LU",1987,"Luxembourg",1,NA,NA
"2083","LU",1988,"Luxembourg",1,NA,NA
"2084","LU",1989,"Luxembourg",1,5.03,NA
"2085","LU",1990,"Luxembourg",1,NA,NA
"2086","LU",1991,"Luxembourg",1,NA,NA
"2087","LU",1992,"Luxembourg",1,NA,NA
"2088","LU",1993,"Luxembourg",1,NA,NA
"2089","LU",1994,"Luxembourg",1,4.67,NA
"2090","LU",1995,"Luxembourg",1,NA,NA
"2091","LU",1996,"Luxembourg",1,NA,NA
"2092","LU",1997,"Luxembourg",1,NA,NA
"2093","LU",1998,"Luxembourg",1,NA,NA
"2094","LU",1999,"Luxembourg",1,3.22,NA
"2095","LU",2000,"Luxembourg",1,NA,NA
"2096","LU",2001,"Luxembourg",1,NA,NA
"2097","LU",2002,"Luxembourg",1,NA,581.145161290323
"2098","LU",2003,"Luxembourg",1,NA,267.467741935484
"2099","LU",2004,"Luxembourg",1,3.36,333.612903225806
"2100","LU",2005,"Luxembourg",1,NA,313.15
"2101","LU",2006,"Luxembourg",1,NA,293.633333333333
"2107","LV",1991,"Latvia",1,NA,NA
"2108","LV",1992,"Latvia",1,NA,NA
"2109","LV",1993,"Latvia",1,4.14,NA
"2110","LV",1994,"Latvia",1,NA,NA
"2111","LV",1995,"Latvia",1,5.18,NA
"2112","LV",1996,"Latvia",1,NA,NA
"2113","LV",1997,"Latvia",1,NA,NA
"2114","LV",1998,"Latvia",1,4.66,NA
"2115","LV",1999,"Latvia",1,NA,NA
"2116","LV",2000,"Latvia",1,NA,NA
"2117","LV",2001,"Latvia",3,NA,NA
"2118","LV",2002,"Latvia",3,7.28,50.5950668036999
"2119","LV",2003,"Latvia",3,NA,49.4942528735632
"2120","LV",2004,"Latvia",3,NA,64.1288404360753
"2121","LV",2005,"Latvia",3,NA,68.040293040293
"2122","LV",2006,"Latvia",3,4.77,62.655601659751
"2138","MA",1987,"Morocco",1,NA,NA
"2139","MA",1988,"Morocco",1,NA,NA
"2140","MA",1989,"Morocco",1,NA,NA
"2141","MA",1990,"Morocco",1,NA,NA
"2142","MA",1991,"Morocco",1,NA,NA
"2143","MA",1992,"Morocco",1,NA,NA
"2144","MA",1993,"Morocco",4,NA,NA
"2145","MA",1994,"Morocco",4,NA,NA
"2146","MA",1995,"Morocco",4,NA,NA
"2147","MA",1996,"Morocco",4,NA,NA
"2148","MA",1997,"Morocco",4,NA,NA
"2149","MA",1998,"Morocco",4,NA,NA
"2150","MA",1999,"Morocco",4,NA,NA
"2151","MA",2000,"Morocco",4,NA,NA
"2152","MA",2001,"Morocco",4,NA,NA
"2153","MA",2002,"Morocco",4,NA,65.5542727921923
"2154","MA",2003,"Morocco",4,NA,55.3112092766427
"2155","MA",2004,"Morocco",4,NA,48.9576126674787
"2156","MA",2005,"Morocco",4,NA,63.7872445210539
"2157","MA",2006,"Morocco",4,NA,60.1686507936508
"2200","MK",1992,"Macedonia",4,NA,NA
"2201","MK",1993,"Macedonia",4,NA,NA
"2202","MK",1994,"Macedonia",4,34.52,NA
"2203","MK",1995,"Macedonia",4,NA,NA
"2204","MK",1996,"Macedonia",4,NA,NA
"2205","MK",1997,"Macedonia",4,NA,NA
"2206","MK",1998,"Macedonia",4,15.51,NA
"2207","MK",1999,"Macedonia",4,NA,NA
"2208","MK",2000,"Macedonia",4,NA,NA
"2209","MK",2001,"Macedonia",4,NA,NA
"2210","MK",2002,"Macedonia",4,9.06,30.8597194388778
"2211","MK",2003,"Macedonia",4,NA,32.8046709129512
"2212","MK",2004,"Macedonia",4,NA,53.4815618221258
"2213","MK",2005,"Macedonia",4,NA,62.0223214285714
"2214","MK",2006,"Macedonia",4,5.16,57.4669703872437
"2263","MT",1987,"Malta",1,0.34,NA
"2264","MT",1988,"Malta",1,NA,NA
"2265","MT",1989,"Malta",1,NA,NA
"2266","MT",1990,"Malta",1,NA,NA
"2267","MT",1991,"Malta",1,NA,NA
"2268","MT",1992,"Malta",1,1.52,NA
"2269","MT",1993,"Malta",1,NA,NA
"2270","MT",1994,"Malta",1,NA,NA
"2271","MT",1995,"Malta",1,NA,NA
"2272","MT",1996,"Malta",1,1.37,NA
"2273","MT",1997,"Malta",1,NA,NA
"2274","MT",1998,"Malta",1,1.77,NA
"2275","MT",1999,"Malta",1,NA,NA
"2276","MT",2000,"Malta",1,NA,NA
"2277","MT",2001,"Malta",1,NA,NA
"2278","MT",2002,"Malta",3,NA,103.222222222222
"2279","MT",2003,"Malta",3,1.81,94.1935483870968
"2280","MT",2004,"Malta",3,NA,130
"2281","MT",2005,"Malta",3,NA,105.609756097561
"2282","MT",2006,"Malta",3,NA,148
"2315","MW",1987,"Malawi",1,NA,NA
"2316","MW",1988,"Malawi",1,NA,NA
"2317","MW",1989,"Malawi",1,NA,NA
"2318","MW",1990,"Malawi",1,NA,NA
"2319","MW",1991,"Malawi",1,NA,NA
"2320","MW",1992,"Malawi",1,NA,NA
"2321","MW",1993,"Malawi",1,NA,NA
"2322","MW",1994,"Malawi",1,NA,NA
"2323","MW",1995,"Malawi",1,NA,NA
"2324","MW",1996,"Malawi",1,NA,NA
"2325","MW",1997,"Malawi",1,NA,NA
"2326","MW",1998,"Malawi",1,NA,NA
"2327","MW",1999,"Malawi",1,NA,NA
"2328","MW",2000,"Malawi",1,NA,NA
"2329","MW",2001,"Malawi",1,NA,NA
"2330","MW",2002,"Malawi",1,NA,29.7136842105263
"2331","MW",2003,"Malawi",1,NA,31.0773333333333
"2332","MW",2004,"Malawi",1,NA,34.406
"2333","MW",2005,"Malawi",1,NA,30.491875
"2334","MW",2006,"Malawi",1,NA,36.8245454545455
"2340","MX",1987,"Mexico",2,NA,NA
"2341","MX",1988,"Mexico",2,NA,NA
"2342","MX",1989,"Mexico",2,NA,NA
"2343","MX",1990,"Mexico",2,NA,NA
"2344","MX",1991,"Mexico",2,NA,NA
"2345","MX",1992,"Mexico",2,NA,NA
"2346","MX",1993,"Mexico",2,NA,NA
"2347","MX",1994,"Mexico",2,NA,NA
"2348","MX",1995,"Mexico",2,NA,NA
"2349","MX",1996,"Mexico",2,NA,NA
"2350","MX",1997,"Mexico",2,6.77,NA
"2351","MX",1998,"Mexico",2,NA,NA
"2352","MX",1999,"Mexico",3,NA,NA
"2353","MX",2000,"Mexico",3,6.7,NA
"2354","MX",2001,"Mexico",3,NA,NA
"2355","MX",2002,"Mexico",3,NA,65.3082833340527
"2356","MX",2003,"Mexico",3,4.47,66.7979439015104
"2357","MX",2004,"Mexico",3,NA,73.2942038985682
"2358","MX",2005,"Mexico",3,NA,79.2370071299717
"2359","MX",2006,"Mexico",3,6.34,69.0771800582491
"2365","MY",1987,"Malaysia",1,NA,NA
"2366","MY",1988,"Malaysia",1,NA,NA
"2367","MY",1989,"Malaysia",1,NA,NA
"2368","MY",1990,"Malaysia",1,NA,NA
"2369","MY",1991,"Malaysia",1,NA,NA
"2370","MY",1992,"Malaysia",1,NA,NA
"2371","MY",1993,"Malaysia",2,NA,NA
"2372","MY",1994,"Malaysia",2,NA,NA
"2373","MY",1995,"Malaysia",2,NA,NA
"2374","MY",1996,"Malaysia",2,NA,NA
"2375","MY",1997,"Malaysia",2,NA,NA
"2376","MY",1998,"Malaysia",2,NA,NA
"2377","MY",1999,"Malaysia",2,NA,NA
"2378","MY",2000,"Malaysia",2,NA,NA
"2379","MY",2001,"Malaysia",2,NA,NA
"2380","MY",2002,"Malaysia",2,NA,1177.01876152261
"2381","MY",2003,"Malaysia",2,NA,1304.13203202106
"2382","MY",2004,"Malaysia",2,NA,1627.80936819172
"2383","MY",2005,"Malaysia",2,NA,1457.35693400167
"2384","MY",2006,"Malaysia",2,NA,1662.09884536527
"2433","NG",1987,"Nigeria",4,NA,NA
"2434","NG",1988,"Nigeria",4,NA,NA
"2435","NG",1989,"Nigeria",4,NA,NA
"2436","NG",1990,"Nigeria",4,NA,NA
"2437","NG",1991,"Nigeria",4,NA,NA
"2438","NG",1992,"Nigeria",4,NA,NA
"2439","NG",1993,"Nigeria",4,NA,NA
"2440","NG",1994,"Nigeria",4,NA,NA
"2441","NG",1995,"Nigeria",4,NA,NA
"2442","NG",1996,"Nigeria",4,NA,NA
"2443","NG",1997,"Nigeria",4,NA,NA
"2444","NG",1998,"Nigeria",4,NA,NA
"2445","NG",1999,"Nigeria",4,NA,NA
"2446","NG",2000,"Nigeria",4,NA,NA
"2447","NG",2001,"Nigeria",4,NA,NA
"2448","NG",2002,"Nigeria",4,NA,4.52888235294118
"2449","NG",2003,"Nigeria",4,NA,6.141
"2450","NG",2004,"Nigeria",4,NA,4.54511428571429
"2451","NG",2005,"Nigeria",4,NA,7.19733333333333
"2452","NG",2006,"Nigeria",4,NA,10.0388858695652
"2458","NI",1987,"Nicaragua",3,NA,NA
"2459","NI",1988,"Nicaragua",3,NA,NA
"2460","NI",1989,"Nicaragua",3,NA,NA
"2461","NI",1990,"Nicaragua",3,2.6,NA
"2462","NI",1991,"Nicaragua",3,NA,NA
"2463","NI",1992,"Nicaragua",3,NA,NA
"2464","NI",1993,"Nicaragua",3,NA,NA
"2465","NI",1994,"Nicaragua",3,NA,NA
"2466","NI",1995,"Nicaragua",3,NA,NA
"2467","NI",1996,"Nicaragua",3,2.58,NA
"2468","NI",1997,"Nicaragua",3,NA,NA
"2469","NI",1998,"Nicaragua",3,NA,NA
"2470","NI",1999,"Nicaragua",3,NA,NA
"2471","NI",2000,"Nicaragua",3,NA,NA
"2472","NI",2001,"Nicaragua",3,5.07,NA
"2473","NI",2002,"Nicaragua",3,NA,28.4085
"2474","NI",2003,"Nicaragua",3,NA,31.8956097560976
"2475","NI",2004,"Nicaragua",3,NA,32.9753846153846
"2476","NI",2005,"Nicaragua",3,NA,28.1135
"2477","NI",2006,"Nicaragua",3,NA,32.6274193548387
"2496","NL",1987,"Netherlands",1,NA,NA
"2497","NL",1988,"Netherlands",1,NA,NA
"2498","NL",1989,"Netherlands",1,0.9,NA
"2499","NL",1990,"Netherlands",1,NA,NA
"2500","NL",1991,"Netherlands",1,NA,NA
"2501","NL",1992,"Netherlands",1,NA,NA
"2502","NL",1993,"Netherlands",1,NA,NA
"2503","NL",1994,"Netherlands",1,1.08,NA
"2504","NL",1995,"Netherlands",1,NA,NA
"2505","NL",1996,"Netherlands",1,NA,NA
"2506","NL",1997,"Netherlands",1,NA,NA
"2507","NL",1998,"Netherlands",1,1.28,NA
"2508","NL",1999,"Netherlands",1,NA,NA
"2509","NL",2000,"Netherlands",1,NA,NA
"2510","NL",2001,"Netherlands",1,NA,NA
"2511","NL",2002,"Netherlands",2,0.88,428.823144104803
"2512","NL",2003,"Netherlands",2,1.05,438.291390728477
"2513","NL",2004,"Netherlands",2,NA,357.313525498891
"2514","NL",2005,"Netherlands",2,NA,337.806480648065
"2515","NL",2006,"Netherlands",2,1.03,353.146382501402
"2531","NO",1987,"Norway",2,NA,NA
"2532","NO",1988,"Norway",2,NA,NA
"2533","NO",1989,"Norway",2,3.67,NA
"2534","NO",1990,"Norway",2,NA,NA
"2535","NO",1991,"Norway",2,NA,NA
"2536","NO",1992,"Norway",2,NA,NA
"2537","NO",1993,"Norway",2,3.95,NA
"2538","NO",1994,"Norway",2,NA,NA
"2539","NO",1995,"Norway",2,NA,NA
"2540","NO",1996,"Norway",2,NA,NA
"2541","NO",1997,"Norway",2,3.44,NA
"2542","NO",1998,"Norway",2,NA,NA
"2543","NO",1999,"Norway",2,NA,NA
"2544","NO",2000,"Norway",2,NA,NA
"2545","NO",2001,"Norway",2,3.22,NA
"2546","NO",2002,"Norway",2,NA,205.579726651481
"2547","NO",2003,"Norway",3,NA,213.507462686567
"2548","NO",2004,"Norway",3,NA,215.230149597238
"2549","NO",2005,"Norway",3,2.67,218.865429234339
"2550","NO",2006,"Norway",3,NA,216.418414918415
"2581","NZ",1987,"New Zealand",4,8.89,NA
"2582","NZ",1988,"New Zealand",4,NA,NA
"2583","NZ",1989,"New Zealand",4,NA,NA
"2584","NZ",1990,"New Zealand",4,17.24,NA
"2585","NZ",1991,"New Zealand",4,NA,NA
"2586","NZ",1992,"New Zealand",4,NA,NA
"2587","NZ",1993,"New Zealand",4,18.19,NA
"2588","NZ",1994,"New Zealand",4,NA,NA
"2589","NZ",1995,"New Zealand",4,NA,NA
"2590","NZ",1996,"New Zealand",4,3.43,NA
"2591","NZ",1997,"New Zealand",4,NA,NA
"2592","NZ",1998,"New Zealand",4,NA,NA
"2593","NZ",1999,"New Zealand",4,2.97,NA
"2594","NZ",2000,"New Zealand",4,NA,NA
"2595","NZ",2001,"New Zealand",4,NA,NA
"2596","NZ",2002,"New Zealand",4,2.37,1836.39075630252
"2597","NZ",2003,"New Zealand",4,NA,2279.08192771084
"2598","NZ",2004,"New Zealand",4,NA,1760.64761904762
"2599","NZ",2005,"New Zealand",4,1.13,2718.68705882353
"2600","NZ",2006,"New Zealand",4,NA,2494.97744360902
"2616","OM",1988,"Oman",4,NA,NA
"2617","OM",1989,"Oman",4,NA,NA
"2618","OM",1990,"Oman",4,NA,NA
"2619","OM",1991,"Oman",4,NA,NA
"2620","OM",1992,"Oman",4,NA,NA
"2621","OM",1993,"Oman",4,NA,NA
"2622","OM",1994,"Oman",4,NA,NA
"2623","OM",1995,"Oman",4,NA,NA
"2624","OM",1996,"Oman",4,NA,NA
"2625","OM",1997,"Oman",4,NA,NA
"2626","OM",1998,"Oman",4,NA,NA
"2627","OM",1999,"Oman",4,NA,NA
"2628","OM",2000,"Oman",4,NA,NA
"2629","OM",2001,"Oman",4,NA,NA
"2630","OM",2002,"Oman",4,NA,382.935483870968
"2631","OM",2003,"Oman",4,NA,391.903225806452
"2632","OM",2004,"Oman",4,NA,472.413793103448
"2633","OM",2005,"Oman",4,NA,1365.82142857143
"2634","OM",2006,"Oman",4,NA,1063.61538461538
"2652","PE",1987,"Peru",2,NA,NA
"2653","PE",1988,"Peru",2,NA,NA
"2654","PE",1989,"Peru",2,NA,NA
"2655","PE",1990,"Peru",2,4.18,NA
"2656","PE",1991,"Peru",2,NA,NA
"2657","PE",1992,"Peru",2,NA,NA
"2658","PE",1993,"Peru",2,NA,NA
"2659","PE",1994,"Peru",2,NA,NA
"2660","PE",1995,"Peru",2,NA,NA
"2661","PE",1996,"Peru",2,NA,NA
"2662","PE",1997,"Peru",2,NA,NA
"2663","PE",1998,"Peru",2,NA,NA
"2664","PE",1999,"Peru",2,NA,NA
"2665","PE",2000,"Peru",2,NA,NA
"2666","PE",2001,"Peru",2,8.87,NA
"2667","PE",2002,"Peru",2,NA,80.354128440367
"2668","PE",2003,"Peru",2,NA,82.2983050847458
"2669","PE",2004,"Peru",2,NA,88.2117647058824
"2670","PE",2005,"Peru",2,NA,76.7208651399491
"2671","PE",2006,"Peru",2,NA,85.4206030150754
"2702","PH",1987,"Philippines",4,6.97,NA
"2703","PH",1988,"Philippines",4,NA,NA
"2704","PH",1989,"Philippines",4,NA,NA
"2705","PH",1990,"Philippines",4,NA,NA
"2706","PH",1991,"Philippines",4,NA,NA
"2707","PH",1992,"Philippines",4,7.64,NA
"2708","PH",1993,"Philippines",4,NA,NA
"2709","PH",1994,"Philippines",4,NA,NA
"2710","PH",1995,"Philippines",4,7.59,NA
"2711","PH",1996,"Philippines",4,NA,NA
"2712","PH",1997,"Philippines",4,NA,NA
"2713","PH",1998,"Philippines",4,25.16,NA
"2714","PH",1999,"Philippines",4,NA,NA
"2715","PH",2000,"Philippines",4,NA,NA
"2716","PH",2001,"Philippines",4,NA,NA
"2717","PH",2002,"Philippines",4,NA,146.361094224924
"2718","PH",2003,"Philippines",4,NA,173.642062689585
"2719","PH",2004,"Philippines",4,NA,160.472549019608
"2720","PH",2005,"Philippines",4,NA,152.3076
"2721","PH",2006,"Philippines",4,NA,138.69572815534
"2737","PL",1991,"Poland",4,3.62,NA
"2738","PL",1992,"Poland",4,NA,NA
"2739","PL",1993,"Poland",4,17.81,NA
"2740","PL",1994,"Poland",4,NA,NA
"2741","PL",1995,"Poland",4,NA,NA
"2742","PL",1996,"Poland",4,NA,NA
"2743","PL",1997,"Poland",4,10.63,NA
"2744","PL",1998,"Poland",4,NA,NA
"2745","PL",1999,"Poland",4,NA,NA
"2746","PL",2000,"Poland",4,NA,NA
"2747","PL",2001,"Poland",4,6.33,NA
"2748","PL",2002,"Poland",4,NA,116.19523443505
"2749","PL",2003,"Poland",4,NA,128.871057440216
"2750","PL",2004,"Poland",4,NA,129.13560666138
"2751","PL",2005,"Poland",4,6.67,161.938884770612
"2752","PL",2006,"Poland",3,NA,159.338615782665
"2763","PT",1987,"Portugal",1,6.12,NA
"2764","PT",1988,"Portugal",1,NA,NA
"2765","PT",1989,"Portugal",1,NA,NA
"2766","PT",1990,"Portugal",1,NA,NA
"2767","PT",1991,"Portugal",4,6.09,NA
"2768","PT",1992,"Portugal",4,NA,NA
"2769","PT",1993,"Portugal",4,NA,NA
"2770","PT",1994,"Portugal",4,NA,NA
"2771","PT",1995,"Portugal",4,4.6,NA
"2772","PT",1996,"Portugal",4,NA,NA
"2773","PT",1997,"Portugal",4,NA,NA
"2774","PT",1998,"Portugal",4,NA,NA
"2775","PT",1999,"Portugal",4,4.9,NA
"2776","PT",2000,"Portugal",4,NA,NA
"2777","PT",2001,"Portugal",4,NA,NA
"2778","PT",2002,"Portugal",4,4.64,194.036623215394
"2779","PT",2003,"Portugal",4,NA,176.956266318538
"2780","PT",2004,"Portugal",4,NA,208.314899154197
"2781","PT",2005,"Portugal",4,5.75,207.118153364632
"2782","PT",2006,"Portugal",4,NA,135.289348171701
"2863","SA",1987,"Saudi Arabia",1,NA,NA
"2864","SA",1988,"Saudi Arabia",1,NA,NA
"2865","SA",1989,"Saudi Arabia",1,NA,NA
"2866","SA",1990,"Saudi Arabia",1,NA,NA
"2867","SA",1991,"Saudi Arabia",1,NA,NA
"2868","SA",1992,"Saudi Arabia",1,NA,NA
"2869","SA",1993,"Saudi Arabia",1,NA,NA
"2870","SA",1994,"Saudi Arabia",1,NA,NA
"2871","SA",1995,"Saudi Arabia",1,NA,NA
"2872","SA",1996,"Saudi Arabia",1,NA,NA
"2873","SA",1997,"Saudi Arabia",1,NA,NA
"2874","SA",1998,"Saudi Arabia",1,NA,NA
"2875","SA",1999,"Saudi Arabia",1,NA,NA
"2876","SA",2000,"Saudi Arabia",1,NA,NA
"2877","SA",2001,"Saudi Arabia",1,NA,NA
"2878","SA",2002,"Saudi Arabia",1,NA,56.4797222222222
"2879","SA",2003,"Saudi Arabia",4,NA,119.181666666667
"2880","SA",2004,"Saudi Arabia",4,NA,104.991428571429
"2881","SA",2005,"Saudi Arabia",4,NA,93.9028571428571
"2882","SA",2006,"Saudi Arabia",4,NA,98.7826086956522
"2920","SE",1987,"Sweden",2,NA,NA
"2921","SE",1988,"Sweden",2,2.45,NA
"2922","SE",1989,"Sweden",2,NA,NA
"2923","SE",1990,"Sweden",2,NA,NA
"2924","SE",1991,"Sweden",3,2.86,NA
"2925","SE",1992,"Sweden",3,NA,NA
"2926","SE",1993,"Sweden",3,NA,NA
"2927","SE",1994,"Sweden",3,1.18,NA
"2928","SE",1995,"Sweden",3,NA,NA
"2929","SE",1996,"Sweden",3,NA,NA
"2930","SE",1997,"Sweden",3,NA,NA
"2931","SE",1998,"Sweden",3,0.97,NA
"2932","SE",1999,"Sweden",3,NA,NA
"2933","SE",2000,"Sweden",3,NA,NA
"2934","SE",2001,"Sweden",3,NA,NA
"2935","SE",2002,"Sweden",3,1.52,99.8879342547628
"2936","SE",2003,"Sweden",3,NA,98.2370592648162
"2937","SE",2004,"Sweden",3,NA,97.8539156626506
"2938","SE",2005,"Sweden",3,NA,87.8990348923534
"2939","SE",2006,"Sweden",3,3.02,86.420218785364
"2945","SG",1987,"Singapore",1,NA,NA
"2946","SG",1988,"Singapore",1,NA,NA
"2947","SG",1989,"Singapore",1,NA,NA
"2948","SG",1990,"Singapore",1,NA,NA
"2949","SG",1991,"Singapore",1,NA,NA
"2950","SG",1992,"Singapore",1,NA,NA
"2951","SG",1993,"Singapore",1,NA,NA
"2952","SG",1994,"Singapore",1,NA,NA
"2953","SG",1995,"Singapore",1,NA,NA
"2954","SG",1996,"Singapore",1,NA,NA
"2955","SG",1997,"Singapore",1,NA,NA
"2956","SG",1998,"Singapore",1,NA,NA
"2957","SG",1999,"Singapore",1,NA,NA
"2958","SG",2000,"Singapore",1,NA,NA
"2959","SG",2001,"Singapore",1,NA,NA
"2960","SG",2002,"Singapore",1,NA,1830
"2961","SG",2003,"Singapore",1,NA,11566.6666666667
"2962","SG",2004,"Singapore",1,NA,13528.5714285714
"2963","SG",2005,"Singapore",1,NA,13753.0303030303
"2964","SG",2006,"Singapore",1,NA,16532.3076923077
"2972","SI",1994,"Slovenia",4,NA,NA
"2973","SI",1995,"Slovenia",4,NA,NA
"2974","SI",1996,"Slovenia",4,3.59,NA
"2975","SI",1997,"Slovenia",4,NA,NA
"2976","SI",1998,"Slovenia",4,NA,NA
"2977","SI",1999,"Slovenia",4,NA,NA
"2978","SI",2000,"Slovenia",4,1.51,NA
"2979","SI",2001,"Slovenia",4,NA,NA
"2980","SI",2002,"Slovenia",4,NA,403.47619047619
"2981","SI",2003,"Slovenia",4,NA,400.28901734104
"2982","SI",2004,"Slovenia",4,4.79,358.698863636364
"2983","SI",2005,"Slovenia",4,NA,329.551136363636
"2984","SI",2006,"Slovenia",4,NA,322.005617977528
"2992","SK",1993,"Slovak Republic",4,NA,NA
"2993","SK",1994,"Slovak Republic",4,5.94,NA
"2994","SK",1995,"Slovak Republic",4,NA,NA
"2995","SK",1996,"Slovak Republic",4,NA,NA
"2996","SK",1997,"Slovak Republic",4,NA,NA
"2997","SK",1998,"Slovak Republic",4,2.9,NA
"2998","SK",1999,"Slovak Republic",4,NA,NA
"2999","SK",2000,"Slovak Republic",4,NA,NA
"3000","SK",2001,"Slovak Republic",4,NA,NA
"3001","SK",2002,"Slovak Republic",4,6.97,83.1063829787234
"3002","SK",2003,"Slovak Republic",4,NA,78.9483368719037
"3003","SK",2004,"Slovak Republic",4,NA,83.6669059583632
"3004","SK",2005,"Slovak Republic",4,NA,80.5039539899353
"3005","SK",2006,"Slovak Republic",1,5.53,91.7815674891147
"3062","SV",1987,"El Salvador",2,NA,NA
"3063","SV",1988,"El Salvador",2,4.89,NA
"3064","SV",1989,"El Salvador",2,NA,NA
"3065","SV",1990,"El Salvador",2,NA,NA
"3066","SV",1991,"El Salvador",2,3.89,NA
"3067","SV",1992,"El Salvador",2,NA,NA
"3068","SV",1993,"El Salvador",2,NA,NA
"3069","SV",1994,"El Salvador",2,4.66,NA
"3070","SV",1995,"El Salvador",2,NA,NA
"3071","SV",1996,"El Salvador",2,NA,NA
"3072","SV",1997,"El Salvador",2,4.6,NA
"3073","SV",1998,"El Salvador",2,NA,NA
"3074","SV",1999,"El Salvador",2,NA,NA
"3075","SV",2000,"El Salvador",2,5.5,NA
"3076","SV",2001,"El Salvador",2,NA,NA
"3077","SV",2002,"El Salvador",2,NA,71.6405797101449
"3078","SV",2003,"El Salvador",2,5.39,78.1864904552129
"3079","SV",2004,"El Salvador",2,NA,86.6974063400576
"3080","SV",2005,"El Salvador",2,NA,130.60113960114
"3081","SV",2006,"El Salvador",2,1.62,108.773178807947
"3107","TH",1987,"Thailand",1,NA,NA
"3108","TH",1988,"Thailand",1,NA,NA
"3109","TH",1989,"Thailand",1,NA,NA
"3110","TH",1990,"Thailand",1,NA,NA
"3111","TH",1991,"Thailand",1,NA,NA
"3112","TH",1992,"Thailand",4,4.88,NA
"3114","TH",1993,"Thailand",4,NA,NA
"3115","TH",1994,"Thailand",4,NA,NA
"3116","TH",1995,"Thailand",4,5.32,NA
"3117","TH",1996,"Thailand",4,2.74,NA
"3118","TH",1997,"Thailand",4,NA,NA
"3119","TH",1998,"Thailand",4,NA,NA
"3120","TH",1999,"Thailand",4,NA,NA
"3121","TH",2000,"Thailand",4,NA,NA
"3122","TH",2001,"Thailand",4,9.58,NA
"3123","TH",2002,"Thailand",4,NA,110.522516082916
"3124","TH",2003,"Thailand",4,NA,149.180394736842
"3125","TH",2004,"Thailand",4,NA,131.695263157895
"3126","TH",2005,"Thailand",4,NA,112.726907894737
"3127","TH",2006,"Thailand",4,NA,117.399868421053
"3163","TR",1987,"Turkey",1,20.74,NA
"3164","TR",1988,"Turkey",1,NA,NA
"3165","TR",1989,"Turkey",1,NA,NA
"3166","TR",1990,"Turkey",1,NA,NA
"3167","TR",1991,"Turkey",1,11.29,NA
"3168","TR",1992,"Turkey",1,NA,NA
"3169","TR",1993,"Turkey",1,NA,NA
"3170","TR",1994,"Turkey",1,NA,NA
"3171","TR",1995,"Turkey",1,7.27,NA
"3172","TR",1996,"Turkey",1,NA,NA
"3173","TR",1997,"Turkey",1,NA,NA
"3174","TR",1998,"Turkey",1,NA,NA
"3175","TR",1999,"Turkey",1,14.57,NA
"3176","TR",2000,"Turkey",1,NA,NA
"3177","TR",2001,"Turkey",2,NA,NA
"3178","TR",2002,"Turkey",2,26.4,72.7959489872468
"3179","TR",2003,"Turkey",2,NA,84.2946688345028
"3180","TR",2004,"Turkey",2,NA,85.6275396925139
"3181","TR",2005,"Turkey",2,NA,86.7593369702056
"3182","TR",2006,"Turkey",2,NA,91.837343892781
"3208","TW",1987,"Taiwan",1,NA,NA
"3209","TW",1988,"Taiwan",1,NA,NA
"3210","TW",1989,"Taiwan",1,NA,NA
"3211","TW",1990,"Taiwan",1,NA,NA
"3212","TW",1991,"Taiwan",1,NA,NA
"3213","TW",1992,"Taiwan",1,NA,NA
"3214","TW",1993,"Taiwan",1,NA,NA
"3215","TW",1994,"Taiwan",1,NA,NA
"3216","TW",1995,"Taiwan",1,NA,NA
"3217","TW",1996,"Taiwan",1,NA,NA
"3218","TW",1997,"Taiwan",1,NA,NA
"3219","TW",1998,"Taiwan",1,7.05,NA
"3220","TW",1999,"Taiwan",1,NA,NA
"3221","TW",2000,"Taiwan",1,NA,NA
"3222","TW",2001,"Taiwan",1,NA,NA
"3223","TW",2002,"Taiwan",1,NA,NA
"3224","TW",2003,"Taiwan",1,NA,NA
"3225","TW",2004,"Taiwan",3,NA,NA
"3226","TW",2005,"Taiwan",3,NA,NA
"3227","TW",2006,"Taiwan",3,NA,NA
"3253","UG",1987,"Uganda",1,NA,NA
"3254","UG",1988,"Uganda",1,NA,NA
"3255","UG",1989,"Uganda",1,NA,NA
"3256","UG",1990,"Uganda",1,NA,NA
"3257","UG",1991,"Uganda",1,NA,NA
"3258","UG",1992,"Uganda",1,NA,NA
"3259","UG",1993,"Uganda",1,NA,NA
"3260","UG",1994,"Uganda",1,NA,NA
"3261","UG",1995,"Uganda",1,NA,NA
"3262","UG",1996,"Uganda",4,NA,NA
"3263","UG",1997,"Uganda",4,NA,NA
"3264","UG",1998,"Uganda",4,NA,NA
"3265","UG",1999,"Uganda",4,NA,NA
"3266","UG",2000,"Uganda",4,NA,NA
"3267","UG",2001,"Uganda",4,NA,NA
"3268","UG",2002,"Uganda",4,NA,1.33267857142857
"3269","UG",2003,"Uganda",4,NA,1.59504273504274
"3270","UG",2004,"Uganda",4,NA,1.47193277310924
"3271","UG",2005,"Uganda",4,NA,0.967394957983193
"3272","UG",2006,"Uganda",4,NA,1.2544262295082
"3299","US",1987,"United States",4,NA,NA
"3300","US",1988,"United States",4,5.55,NA
"3301","US",1989,"United States",4,NA,NA
"3302","US",1990,"United States",4,7.89,NA
"3303","US",1991,"United States",4,NA,NA
"3304","US",1992,"United States",4,7.08,NA
"3305","US",1993,"United States",4,NA,NA
"3306","US",1994,"United States",4,1.31,NA
"3307","US",1995,"United States",4,NA,NA
"3308","US",1996,"United States",4,3.21,NA
"3309","US",1997,"United States",4,NA,NA
"3310","US",1998,"United States",4,2.71,NA
"3311","US",1999,"United States",4,NA,NA
"3312","US",2000,"United States",4,3.15,NA
"3313","US",2001,"United States",4,NA,NA
"3314","US",2002,"United States",4,2,112.517271082283
"3315","US",2003,"United States",4,NA,119.560809629794
"3316","US",2004,"United States",4,2.99,122.670840915621
"3317","US",2005,"United States",4,NA,118.599763800987
"3318","US",2006,"United States",4,1.57,126.195686522111
"3382","VN",1987,"Vietnam",1,NA,NA
"3383","VN",1988,"Vietnam",1,NA,NA
"3384","VN",1989,"Vietnam",1,NA,NA
"3385","VN",1990,"Vietnam",1,NA,NA
"3386","VN",1991,"Vietnam",1,NA,NA
"3387","VN",1992,"Vietnam",1,NA,NA
"3388","VN",1993,"Vietnam",1,NA,NA
"3389","VN",1994,"Vietnam",1,NA,NA
"3390","VN",1995,"Vietnam",1,NA,NA
"3391","VN",1996,"Vietnam",4,NA,NA
"3392","VN",1997,"Vietnam",4,NA,NA
"3393","VN",1998,"Vietnam",4,NA,NA
"3394","VN",1999,"Vietnam",4,NA,NA
"3395","VN",2000,"Vietnam",4,NA,NA
"3396","VN",2001,"Vietnam",4,NA,NA
"3397","VN",2002,"Vietnam",4,NA,304.963939393939
"3398","VN",2003,"Vietnam",4,NA,342.302689560857
"3399","VN",2004,"Vietnam",4,NA,403.907102558158
"3400","VN",2005,"Vietnam",4,NA,292.26533501101
"3401","VN",2006,"Vietnam",4,NA,300.165248897291
"3566","ZA",1987,"South Africa",1,NA,NA
"3567","ZA",1988,"South Africa",1,NA,NA
"3568","ZA",1989,"South Africa",1,NA,NA
"3569","ZA",1990,"South Africa",1,NA,NA
"3570","ZA",1991,"South Africa",4,NA,NA
"3571","ZA",1992,"South Africa",4,NA,NA
"3572","ZA",1993,"South Africa",4,NA,NA
"3573","ZA",1994,"South Africa",4,0.36,NA
"3574","ZA",1995,"South Africa",4,NA,NA
"3575","ZA",1996,"South Africa",4,NA,NA
"3576","ZA",1997,"South Africa",4,NA,NA
"3577","ZA",1998,"South Africa",4,NA,NA
"3578","ZA",1999,"South Africa",4,0.28,NA
"3579","ZA",2000,"South Africa",4,NA,NA
"3580","ZA",2001,"South Africa",4,NA,NA
"3581","ZA",2002,"South Africa",4,NA,61.2048905109489
"3582","ZA",2003,"South Africa",4,NA,55.1500735294118
"3583","ZA",2004,"South Africa",4,0.26,60.2875939849624
"3584","ZA",2005,"South Africa",4,NA,47.3310056925996
"3585","ZA",2006,"South Africa",4,NA,62.3364285714286
"3621","ZM",1987,"Zambia",1,NA,NA
"3622","ZM",1988,"Zambia",1,NA,NA
"3623","ZM",1989,"Zambia",1,NA,NA
"3624","ZM",1990,"Zambia",1,NA,NA
"3625","ZM",1991,"Zambia",1,8.54,NA
"3626","ZM",1992,"Zambia",1,NA,NA
"3627","ZM",1993,"Zambia",4,NA,NA
"3628","ZM",1994,"Zambia",4,NA,NA
"3629","ZM",1995,"Zambia",4,NA,NA
"3630","ZM",1996,"Zambia",4,21.29,NA
"3631","ZM",1997,"Zambia",4,NA,NA
"3632","ZM",1998,"Zambia",4,NA,NA
"3633","ZM",1999,"Zambia",4,NA,NA
"3634","ZM",2000,"Zambia",4,NA,NA
"3635","ZM",2001,"Zambia",4,16.01,NA
"3636","ZM",2002,"Zambia",4,NA,26.074748257165
"3637","ZM",2003,"Zambia",4,NA,26.1729297146834
"3638","ZM",2004,"Zambia",4,NA,29.9046121593291
"3639","ZM",2005,"Zambia",4,NA,27.983865053172
"3640","ZM",2006,"Zambia",4,8.32,25.6770660471291
